etch_rate_nm_min,gas_pressure_mtorr,chamber_temp_c,rf_power_watts,wafer_defect_flag
349.12,18.62,366.9,2183.6,1
202.4,21.91,228.46,1081.46,0
268.79,44.46,306.2,1076.15,0
209.1,20.86,293.72,1708.22,0
277.66,34.2,369.11,1080.53,0
186.33,26.07,361.71,1063.29,0
201.93,22.17,263.62,1497.71,0
229.43,14.27,248.38,1749.01,0
170.33,42.3,277.0,2239.38,1
233.7,46.81,233.81,1884.82,0
278.96,27.99,211.43,2062.6,1
174.76,39.09,382.86,2407.55,1
269.27,17.12,410.19,1934.52,0
336.89,26.49,237.92,1428.68,0
248.92,47.62,300.67,2115.91,0
278.8,43.36,415.87,1030.87,1
218.2,26.0,240.5,2170.96,0
231.49,10.16,332.71,1960.66,0
320.15,34.92,342.65,1577.71,0
244.97,27.01,304.48,2168.78,0
183.15,42.74,260.53,2198.83,1
275.36,40.92,398.51,1695.38,0
172.27,28.08,230.74,1825.25,0
242.93,29.98,247.5,1374.39,1
346.7,28.53,311.53,1401.2,0
256.03,32.01,361.81,1362.34,0
226.19,46.98,261.39,1676.2,0
313.46,40.7,413.84,2383.5,0
264.31,12.76,419.86,2266.04,0
151.98,25.9,407.63,1827.21,0
337.18,10.59,356.99,2434.46,0
346.7,11.92,339.01,1205.89,0
180.61,18.54,275.57,1960.01,0
235.59,39.69,341.43,2228.38,0
178.83,27.06,380.64,2246.66,0
167.07,11.99,236.35,2030.82,0
224.05,24.93,292.8,1023.87,0
243.75,45.12,418.23,1135.21,1
221.26,40.58,277.75,1452.06,0
199.73,10.69,301.73,1553.4,0
223.03,21.58,344.74,2415.3,0
251.55,27.65,309.12,1723.77,0
340.97,26.39,240.73,1784.09,0
182.61,25.67,260.09,2256.07,0
203.33,44.06,403.08,1927.49,0
209.32,19.94,273.04,2249.42,0
253.11,39.4,376.0,1864.8,0
266.03,21.62,285.0,1298.03,0
316.98,27.69,330.11,1017.57,0
281.05,43.49,348.11,1222.69,0
340.05,46.05,313.39,1529.7,0
314.68,12.11,300.61,2181.97,0
158.24,23.94,408.81,1283.28,1
196.38,42.13,334.8,2254.75,0
304.55,31.73,387.2,1148.94,0
209.59,27.19,230.58,1336.01,0
297.28,38.33,272.2,2376.36,0
334.68,25.49,371.49,2279.36,0
301.04,25.72,309.72,1237.84,0
279.95,28.29,203.52,1791.81,0
248.67,21.87,310.69,2087.49,0
208.52,30.87,309.11,2050.08,0
163.69,12.97,379.37,1105.77,0
344.08,12.8,338.91,1153.32,0
253.36,14.13,280.31,1440.01,1
257.2,46.06,408.44,2097.69,0
170.38,46.61,334.82,2189.93,0
292.72,41.48,444.34,2042.31,1
282.87,20.13,391.31,1213.2,0
239.17,35.62,410.41,2046.35,0
154.37,41.54,296.55,2152.52,1
156.85,27.87,304.15,1606.96,0
181.95,41.4,397.79,1460.58,1
285.68,20.39,375.96,1021.22,0
177.11,43.99,200.29,1099.66,1
150.12,13.43,202.37,1642.38,0
348.14,21.77,420.0,1384.11,0
294.58,41.17,422.53,1292.25,1
170.44,44.55,278.23,1507.51,1
181.27,31.29,219.43,1819.91,0
208.36,11.62,391.2,1558.17,1
319.98,18.44,416.4,1578.92,0
208.3,11.64,368.25,1322.48,0
178.84,10.09,233.85,2027.6,0
210.46,45.21,228.85,1712.03,0
230.13,29.32,306.19,1443.48,1
254.67,35.91,397.05,1167.49,0
337.91,38.0,228.16,2055.55,1
319.74,39.36,395.69,1005.57,0
177.08,37.01,383.05,2496.01,1
151.12,32.55,315.95,2178.49,0
174.32,12.66,221.55,1545.62,1
247.85,24.89,392.62,1841.96,0
248.6,15.1,269.55,2169.86,0
299.62,44.46,226.78,1062.52,0
269.64,21.77,224.3,2112.43,0
248.92,44.79,343.61,2267.29,0
268.33,24.86,441.56,1368.54,0
180.34,44.29,417.75,1481.04,1
264.28,49.68,425.6,2446.84,0
254.2,30.82,367.57,1481.39,0
206.14,28.67,289.81,1963.74,0
275.89,23.84,256.84,2245.53,0
165.04,28.19,261.65,2306.34,0
321.11,42.31,435.02,1721.45,0
167.25,39.35,337.07,1889.72,1
194.93,36.7,225.67,1902.51,0
265.06,32.03,367.22,2369.1,0
284.46,19.89,364.48,1110.93,0
308.07,12.93,221.01,2453.41,0
267.13,15.12,447.8,2403.19,0
284.96,31.55,300.98,1398.28,0
200.73,38.38,301.39,1796.15,0
183.98,23.33,444.83,2082.2,0
179.55,17.45,258.29,1447.54,0
246.07,10.65,256.78,1384.87,1
267.1,14.93,376.92,1741.27,0
334.48,39.21,281.19,2228.22,0
242.38,23.52,260.77,1373.29,0
281.62,10.01,208.18,2091.71,0
293.65,45.14,362.27,1377.79,1
238.03,32.1,251.11,1659.94,0
202.89,11.69,265.43,1549.16,0
283.48,42.11,311.5,1960.11,0
294.7,26.89,425.45,1297.72,1
187.18,11.79,212.71,2112.76,0
219.38,47.81,277.71,2358.46,0
345.68,17.55,383.76,2167.26,0
220.12,10.01,200.41,1276.05,0
160.18,22.24,417.38,1258.62,1
271.51,39.53,278.79,2265.21,1
246.53,37.99,433.09,1486.86,0
150.9,44.12,250.68,1634.08,1
222.51,48.1,375.48,1831.18,0
218.47,28.65,396.08,1085.7,0
217.65,27.0,339.01,1618.63,0
295.0,22.59,364.31,2228.77,0
154.48,38.26,313.72,2208.5,1
341.37,39.84,301.18,2224.58,0
226.44,29.99,330.5,1854.09,0
201.84,13.24,371.96,1553.1,0
238.33,46.17,203.8,1119.7,0
173.73,37.66,253.04,1666.21,1
229.62,46.53,406.48,1930.23,0
284.04,29.88,219.23,1420.3,0
288.45,49.69,211.55,1070.66,0
214.81,43.35,383.44,1877.96,1
172.77,33.18,363.86,1969.27,0
299.72,49.37,245.76,1604.5,0
348.92,45.15,355.38,1169.21,0
155.19,28.82,391.66,1885.28,0
330.0,17.39,297.29,2470.58,0
346.07,47.03,370.64,1727.83,0
175.43,37.43,221.56,2272.94,1
293.57,11.28,293.29,2048.58,0
285.59,47.69,321.79,1289.5,0
291.28,12.49,368.17,1687.92,0
226.03,36.79,265.84,1713.99,0
273.29,34.45,415.39,2459.55,1
261.09,37.93,313.45,1219.03,0
215.87,46.62,319.87,1103.13,0
270.21,39.02,275.62,1798.87,0
340.55,30.83,352.65,1332.42,0
284.55,37.64,359.59,2228.31,0
322.0,46.85,415.94,1393.65,0
289.5,48.72,363.01,1507.98,0
320.62,47.74,322.03,2380.59,0
183.99,44.29,364.08,2035.65,1
213.27,10.68,250.54,1392.86,0
245.67,38.42,372.21,1418.58,0
335.29,16.28,224.7,1194.5,0
308.17,36.6,344.11,1089.1,0
179.84,49.76,264.37,2252.19,1
231.14,12.4,426.09,2153.4,0
277.63,30.36,308.93,2024.03,0
257.05,47.31,359.09,1499.83,1
231.53,33.13,307.24,2267.41,0
348.03,28.41,378.18,1047.29,1
157.8,46.4,429.21,1325.56,1
214.41,26.75,309.32,2346.62,0
349.25,10.6,338.41,2134.21,0
185.69,47.18,309.16,2453.46,1
234.8,36.91,337.18,1245.13,0
151.42,26.52,293.34,1989.98,0
245.46,19.36,439.58,2017.57,0
329.13,35.95,363.09,1891.57,0
175.45,21.16,343.74,1524.94,0
227.6,26.07,429.15,1462.81,0
302.87,13.94,391.3,1433.81,0
172.12,11.48,390.39,1763.6,0
196.05,11.31,362.35,1147.95,0
162.33,44.47,391.77,1471.73,1
343.53,35.27,292.08,1942.32,0
341.12,28.79,394.65,1818.09,0
262.96,29.1,255.53,1212.6,0
320.24,29.0,272.18,2457.93,1
218.61,24.06,267.53,1639.12,0
151.25,15.52,262.73,2059.92,0
294.48,16.81,298.0,1940.95,0
333.4,30.4,321.88,1563.07,0
239.55,28.43,401.62,1107.97,1
193.56,47.81,430.87,1582.89,0
303.07,44.21,327.99,1505.79,0
311.39,49.53,242.81,1411.95,0
328.39,33.29,253.34,2428.17,0
333.96,19.22,381.69,2015.09,0
164.8,21.68,292.66,2155.44,0
159.25,47.94,221.67,2236.27,1
171.64,30.49,430.91,1960.18,0
348.84,19.42,389.17,2177.29,0
181.59,21.95,422.32,2218.32,0
317.76,24.12,318.79,1312.51,0
216.76,13.15,223.29,2456.97,0
319.59,13.04,417.63,1294.44,1
251.67,19.41,352.02,2262.17,0
294.21,12.46,219.58,1012.36,0
213.69,44.99,369.38,1003.75,0
309.68,10.49,350.21,1169.28,0
340.05,11.82,330.48,1464.17,0
231.89,23.8,365.92,1916.45,0
158.64,27.26,367.04,1967.3,0
242.34,45.65,202.31,2336.84,0
256.43,30.23,256.86,1379.77,0
279.09,30.26,433.16,1168.14,1
195.34,20.77,241.81,1364.26,0
284.6,22.56,217.86,1009.89,0
166.58,13.96,334.14,2454.23,0
206.15,42.26,321.55,1166.31,0
339.3,47.45,327.9,2472.43,1
323.52,42.06,314.02,1777.31,0
173.64,21.28,406.08,1279.16,1
208.6,44.84,360.59,1139.77,0
230.92,20.33,439.33,1101.8,1
323.18,34.0,346.3,1259.69,0
261.15,40.51,357.96,1353.09,0
295.58,42.41,425.4,2200.28,0
165.45,47.53,281.98,1974.45,1
206.98,24.65,437.26,2166.76,0
259.38,25.42,397.53,2481.02,0
224.71,15.85,379.63,1845.38,0
349.81,40.72,263.58,2054.39,0
349.47,20.21,336.9,1437.91,0
257.86,23.5,211.19,1502.15,0
217.34,24.63,439.06,2052.06,0
199.81,38.17,359.53,2131.56,0
336.48,27.19,228.33,1946.68,0
302.7,21.25,441.79,1530.56,0
304.72,14.37,420.46,1260.84,1
307.96,45.6,346.9,2235.11,0
222.27,10.29,317.73,1984.76,0
297.33,38.84,411.83,1733.44,0
166.99,20.29,338.2,1534.54,0
321.97,17.42,364.09,1027.84,0
283.04,22.33,427.37,1177.11,1
305.4,18.28,330.59,1269.43,0
295.17,44.21,204.46,1579.95,0
190.79,34.07,203.88,1491.63,0
272.03,14.33,297.84,2356.33,0
330.32,14.43,307.82,1759.28,0
237.77,12.92,342.97,1647.53,0
242.36,43.01,316.7,1491.59,0
218.69,38.85,308.32,2298.26,0
284.06,46.28,209.35,1283.34,0
221.9,31.79,268.56,1383.14,1
208.25,39.08,423.58,1161.85,1
324.45,15.26,230.16,1251.02,0
249.16,10.83,350.18,1180.12,0
301.77,22.82,272.37,1802.22,0
198.75,24.59,332.85,1722.38,0
337.31,25.95,243.28,2392.81,0
242.26,44.87,378.42,1225.4,0
306.23,15.82,209.09,1598.18,0
160.47,42.97,388.67,1654.46,1
225.05,17.58,399.75,1730.85,0
271.8,40.08,386.99,2294.66,0
295.59,49.4,211.99,2323.79,0
183.75,49.8,408.29,2317.79,1
173.79,19.53,212.88,2056.72,0
164.37,11.9,428.69,2021.53,0
197.44,32.07,396.51,1662.34,0
346.23,43.08,325.64,2450.35,1
268.1,48.67,412.67,1916.39,0
292.84,27.47,424.55,1451.46,0
324.42,23.05,369.4,1346.74,0
336.57,36.73,288.03,2107.18,0
180.99,39.65,238.62,1705.9,1
251.65,46.31,275.94,1191.81,1
256.25,17.26,272.02,1334.27,0
230.36,49.64,396.71,2325.68,0
327.07,27.4,328.22,1882.4,1
161.04,40.7,294.68,2236.62,1
167.54,17.07,378.14,1120.51,0
207.88,19.31,301.84,2107.98,0
161.1,32.65,340.22,2422.41,1
349.79,37.0,420.11,1105.01,1
292.96,26.89,329.21,1736.84,0
262.85,44.31,368.85,1048.98,0
193.88,33.6,279.17,2220.49,0
162.12,15.47,412.49,1045.66,1
345.74,34.73,440.42,1787.69,0
338.11,44.46,246.8,2437.02,0
340.57,14.06,384.51,1694.57,0
171.95,41.35,377.79,2391.84,1
225.12,41.92,287.82,1798.87,0
338.31,38.1,393.48,1436.69,0
270.86,39.76,342.5,2369.64,0
313.2,46.16,373.21,2233.18,0
289.85,17.03,343.68,1548.12,0
242.53,37.14,217.14,2442.77,0
210.35,17.67,251.3,2291.71,0
180.78,16.21,329.92,1589.3,0
182.65,46.15,221.1,2033.94,1
221.53,25.55,388.07,2326.98,0
262.19,34.48,261.55,1274.06,0
156.61,36.6,304.94,1748.0,1
226.79,48.8,374.87,1427.0,0
241.36,24.01,419.69,2307.49,0
270.14,16.89,251.94,1743.85,0
315.41,37.38,239.84,2116.94,0
238.86,31.77,231.09,1968.05,0
267.5,49.44,337.47,2233.12,1
235.97,14.03,265.35,1851.77,0
243.34,42.08,421.54,1848.58,0
336.42,14.2,315.4,1305.16,0
167.07,23.9,260.68,1342.24,0
175.29,28.53,368.43,1632.83,0
256.32,13.9,351.57,2375.4,0
311.77,26.67,373.48,1224.76,0
325.43,23.33,339.19,1336.22,0
340.81,34.04,330.59,2284.99,0
231.52,36.33,416.18,2403.88,0
202.12,17.82,379.24,2151.24,0
346.65,45.3,201.92,1197.9,0
279.16,17.98,408.38,1701.97,0
284.94,21.96,328.86,1874.63,0
186.01,10.44,423.49,1676.05,0
343.54,18.01,355.16,1057.24,0
159.78,40.59,221.89,2406.3,1
218.59,20.39,288.48,1125.92,0
327.82,46.54,210.26,1895.39,0
332.41,24.6,356.3,1649.24,0
244.31,12.96,424.12,1413.22,0
295.03,23.6,240.97,1302.84,0
340.61,35.8,238.79,1633.79,0
294.95,30.28,313.15,1051.05,0
225.92,30.65,413.91,1788.32,0
225.13,25.25,427.3,1013.66,1
344.1,12.41,437.57,2056.17,0
266.05,39.72,212.75,1541.47,0
185.52,13.43,432.85,2389.44,0
185.98,42.74,262.56,2324.75,1
307.89,31.29,287.08,2145.0,1
256.49,44.79,394.08,2369.22,0
325.08,14.19,224.18,2173.14,0
311.28,34.81,375.62,1867.49,0
289.11,36.65,355.58,2027.03,0
245.62,39.66,398.39,1154.3,0
238.1,47.79,279.21,1215.14,0
193.05,43.78,334.45,1613.37,0
269.79,15.91,368.82,2001.37,0
277.98,19.18,424.33,1896.26,0
249.91,17.97,443.81,1268.48,0
346.25,33.93,293.7,1137.98,0
256.91,39.82,224.79,1754.74,0
310.13,39.1,276.48,2016.68,0
329.38,22.28,349.08,1331.66,0
240.55,42.29,215.01,1355.53,1
188.05,31.6,434.42,1868.97,0
259.2,48.44,434.19,1929.98,0
306.74,17.07,399.19,1983.15,0
287.7,18.18,281.61,1240.84,0
311.37,17.07,446.75,2093.38,0
250.72,16.1,336.37,1839.13,0
302.15,12.34,437.1,1623.83,0
177.61,43.54,255.88,1641.79,1
260.92,42.29,442.08,2066.09,0
280.85,21.0,378.93,2025.96,0
243.73,28.77,293.58,2235.68,0
251.99,22.53,219.66,1955.53,0
346.25,43.7,412.13,2283.77,0
318.74,29.04,361.59,1372.45,0
344.92,32.14,311.94,2375.76,0
337.76,24.37,439.01,2319.51,0
343.8,47.84,368.32,2272.86,0
272.33,17.66,293.99,2459.13,0
191.56,47.09,287.61,2107.75,0
168.41,20.22,316.13,1338.63,0
243.94,43.77,281.74,1626.77,1
302.1,14.98,294.05,1824.07,0
187.3,43.92,390.31,1631.51,1
174.39,34.22,435.35,2043.25,0
324.03,44.65,396.23,1995.8,0
150.33,23.84,424.05,1382.92,0
316.36,20.72,360.7,1498.01,0
190.9,38.55,255.4,2439.78,0
280.44,15.83,219.86,1782.82,0
242.0,48.61,382.46,1652.8,0
315.25,15.39,449.4,1667.82,0
202.68,44.42,375.86,1065.13,0
299.48,39.52,250.42,1654.52,0
292.15,22.87,425.29,1437.75,0
195.51,14.99,449.95,2020.02,0
277.55,14.93,427.57,1855.3,0
348.49,17.99,433.53,1907.53,1
337.6,42.96,423.18,1790.88,0
306.33,32.43,359.97,2446.81,0
253.11,40.3,209.88,1023.4,1
337.81,32.43,396.88,2418.65,0
345.49,11.8,404.77,1180.66,1
184.84,39.11,245.2,2416.57,1
193.07,10.08,285.03,1014.26,0
210.47,32.54,421.75,2431.23,0
205.65,17.82,429.56,1169.38,1
224.29,32.35,323.28,2209.74,0
287.76,49.44,240.14,1226.65,0
301.81,49.95,367.39,2275.51,0
345.42,20.74,317.61,1072.59,0
343.78,43.73,202.82,1487.57,0
331.47,34.34,271.98,2130.58,0
249.57,22.98,267.57,1313.7,0
244.05,21.21,248.27,1146.75,0
183.63,29.87,301.07,1320.15,0
161.79,46.24,376.54,2237.94,1
337.19,49.07,423.61,2499.58,0
307.1,12.83,417.5,1631.33,0
250.36,10.64,202.38,1513.42,0
161.11,34.15,362.45,1738.6,0
334.15,17.75,382.61,2031.13,0
270.23,38.39,446.03,2060.11,1
319.39,18.71,257.42,1315.55,0
316.3,26.27,215.97,1699.19,0
187.49,46.62,302.67,1638.29,1
187.3,11.78,270.21,2222.95,0
337.64,43.56,283.24,1985.34,0
323.76,31.78,211.03,1008.36,0
334.68,48.79,361.46,1231.29,0
337.34,49.56,330.85,2294.71,0
310.13,49.43,341.6,1375.15,0
236.97,34.08,439.47,1617.48,1
347.46,30.36,327.99,1589.39,0
259.53,43.02,230.15,1665.8,0
231.68,18.36,408.6,1844.08,0
169.81,37.35,335.84,1750.57,1
349.77,34.78,291.38,2103.3,0
272.93,45.39,356.88,1272.19,0
258.28,34.72,384.53,1893.06,1
217.37,11.82,446.45,1495.74,0
229.48,19.15,252.26,1510.74,1
277.21,25.77,213.03,1168.17,0
347.16,47.0,202.82,2110.12,0
346.2,38.44,254.14,1666.0,0
263.3,47.56,202.5,1339.47,0
275.15,39.78,213.73,1248.48,0
307.0,12.75,222.47,1906.72,0
200.57,12.04,224.35,1288.28,0
243.51,14.23,253.83,2386.93,1
346.56,11.39,336.98,2427.85,0
330.68,47.18,428.52,1699.43,0
315.46,31.64,343.7,2203.29,0
305.51,27.6,304.38,2377.55,0
187.06,11.22,204.85,1750.02,0
216.98,25.01,371.43,1535.84,0
346.56,17.64,281.46,1744.5,1
164.68,41.99,430.16,2176.45,1
321.58,19.99,436.41,1179.38,1
157.14,42.21,208.31,1292.58,1
350.0,36.88,356.12,1052.03,0
158.85,36.97,413.82,2291.0,1
322.55,21.7,332.52,1687.9,0
227.46,11.64,351.95,1217.23,0
288.07,10.39,309.85,1773.96,0
203.0,33.22,301.55,2160.49,0
167.2,16.89,435.44,1350.89,0
338.79,46.97,205.06,2269.78,0
230.06,19.33,250.31,2056.34,0
348.75,19.09,406.52,1223.12,1
283.97,22.75,369.54,1431.27,0
260.3,30.64,267.37,1500.82,0
228.13,43.48,228.84,1540.56,0
288.22,46.03,204.81,1697.25,0
291.84,13.45,263.78,1404.89,1
190.59,16.56,341.21,1204.42,0
228.74,41.39,426.33,1975.35,0
338.36,36.73,272.58,1841.86,1
239.93,46.8,206.2,1193.49,0
225.31,39.83,232.32,1678.23,1
258.26,21.31,251.2,2406.66,0
305.89,28.84,230.87,1405.03,0
245.57,22.73,311.6,1410.39,0
244.97,39.84,376.32,1047.11,0
336.26,13.56,232.14,2132.03,0
226.42,10.96,346.99,1783.79,0
172.07,13.32,310.1,2103.03,0
258.08,16.12,420.74,2144.93,0
165.57,36.17,433.64,2395.52,1
322.07,20.04,410.42,1802.26,0
243.25,20.04,351.44,1810.03,0
179.18,16.31,309.41,1127.11,0
183.8,10.11,302.0,1923.01,0
195.17,31.9,413.76,1868.7,0
319.27,46.92,299.8,1382.06,0
273.27,33.23,315.94,1018.73,0
273.4,17.86,253.95,2381.14,0
233.64,39.53,412.11,1674.34,0
328.5,20.25,278.05,1656.75,0
190.15,20.76,253.99,1378.11,0
186.73,28.06,361.14,1806.84,0
236.32,22.69,239.0,1769.7,0
296.02,10.29,216.98,2198.26,0
246.43,19.36,200.71,1688.46,0
157.51,47.07,250.02,2306.71,1
249.66,40.78,303.61,1065.09,0
337.92,11.46,317.21,1324.53,0
254.5,13.03,397.32,1172.43,0
313.65,31.31,261.05,2277.58,0
224.12,16.86,412.99,2089.5,0
295.86,43.5,327.52,2116.45,0
331.69,25.38,245.88,1222.27,0
219.15,35.72,354.97,1743.96,1
160.61,11.15,318.75,2407.27,0
343.74,19.72,332.63,1717.92,0
249.71,27.79,329.7,1552.43,1
152.7,20.33,228.56,1195.48,0
217.92,21.45,329.24,2086.47,0
309.97,15.06,267.95,2382.59,0
306.3,17.54,279.67,2392.11,0
288.52,21.06,265.36,1753.17,0
345.3,41.53,262.35,1941.19,0
330.58,19.69,419.75,2327.26,0
261.23,12.08,200.14,1035.71,0
156.16,10.16,374.88,1038.54,1
331.28,25.63,346.26,2199.56,0
164.99,35.25,217.35,2117.5,1
183.39,14.33,207.96,1893.42,0
154.31,33.39,357.73,1849.38,0
160.99,27.34,222.83,1522.49,0
198.08,34.54,203.63,1785.12,0
189.39,37.25,265.14,1654.08,1
200.71,35.1,291.84,1117.67,0
322.92,17.36,282.02,1900.73,0
318.73,44.67,329.02,2431.69,0
296.11,15.1,396.51,1236.43,0
227.79,19.66,290.25,1999.84,0
321.45,48.94,350.48,1806.75,0
329.17,18.93,219.02,1023.03,0
291.7,30.43,440.76,2434.08,0
159.7,18.74,222.67,1907.35,0
179.07,41.35,316.43,1799.73,1
199.05,25.73,302.25,1449.44,0
292.03,13.63,270.71,2172.8,0
235.39,42.57,365.32,2032.15,0
262.29,11.39,219.98,1864.37,0
160.07,35.8,328.83,1972.85,1
219.09,45.11,328.6,1654.46,0
200.75,25.57,203.75,1051.07,0
173.07,32.21,345.98,2051.16,0
336.34,11.89,341.06,2309.48,0
253.7,40.75,250.97,1537.23,0
240.12,12.95,430.55,1215.18,1
256.45,41.5,231.77,2098.42,0
203.04,24.71,242.17,1801.01,0
312.84,12.03,415.93,1285.12,1
279.95,21.43,284.32,1213.05,0
349.31,15.73,433.88,1006.76,0
305.23,36.85,283.47,1274.08,0
241.86,23.66,326.76,1369.43,0
332.67,11.74,428.4,2289.54,0
204.61,44.25,406.0,2013.25,0
277.75,40.82,438.85,1533.4,0
328.16,41.52,440.75,1256.43,1
276.09,29.06,225.93,2168.59,0
315.66,14.46,279.42,1829.35,0
312.72,17.09,340.09,1357.26,0
243.22,29.11,376.17,1424.71,0
208.64,24.2,446.12,1986.3,0
336.23,10.64,304.65,2345.19,0
181.54,13.83,346.66,1176.48,1
225.06,25.37,373.75,1488.19,0
349.3,21.49,298.78,1761.73,0
299.73,20.27,429.24,2047.41,0
287.61,41.88,345.73,1766.34,0
277.62,17.66,315.83,2092.78,0
188.16,33.09,357.96,1903.13,1
335.2,42.11,421.85,1761.71,0
244.61,29.5,285.48,1060.75,0
306.24,31.17,416.3,1373.47,0
215.58,36.46,331.71,1663.06,0
283.48,15.88,282.08,2195.73,0
190.87,25.42,397.05,1817.1,0
182.65,33.76,422.23,1316.47,0
278.76,17.76,248.79,1654.23,1
224.92,38.55,438.44,1123.31,1
306.54,13.43,284.0,2131.99,0
253.24,22.7,399.37,1366.0,0
266.51,17.06,344.36,1984.45,0
262.76,23.8,364.26,2200.17,0
267.75,30.19,361.49,1782.22,1
301.35,34.99,347.52,1867.98,0
241.39,10.84,240.15,1093.01,0
205.68,46.13,203.09,1496.5,0
311.41,28.31,260.22,1679.14,0
262.21,29.71,353.22,2362.87,1
230.5,10.57,206.1,1440.66,0
158.51,44.42,426.54,1319.72,1
212.82,35.64,292.87,2204.25,0
282.74,45.33,390.92,2395.73,0
152.8,27.72,423.33,1049.48,1
209.51,22.07,292.16,1998.2,0
330.98,42.08,446.23,1098.92,1
205.25,12.03,336.57,1267.28,0
262.14,47.36,252.74,2404.88,0
322.99,25.16,358.27,1781.83,0
223.88,49.34,449.98,2102.48,0
285.71,17.94,419.89,1230.53,1
261.42,29.41,285.83,2097.89,0
215.46,24.5,208.5,2012.34,0
210.8,21.35,392.82,1635.98,0
262.56,30.42,442.76,1551.74,0
196.56,26.49,304.25,2297.83,1
191.16,48.98,380.59,1052.44,0
287.91,27.59,360.75,2049.59,0
220.8,19.52,380.67,1811.88,0
260.81,19.52,231.17,2116.25,0
222.39,48.21,424.36,1500.14,0
244.39,16.87,215.52,1555.4,0
309.25,46.68,284.86,1707.16,0
196.37,48.58,233.61,1080.84,0
285.52,37.52,276.78,1038.41,0
192.59,46.67,429.17,2474.79,0
290.43,17.13,319.14,1656.84,0
348.69,21.15,300.47,1946.64,0
158.23,13.24,433.26,2436.11,0
272.41,41.65,436.4,1248.84,0
288.48,18.21,347.0,1235.74,0
189.6,28.83,344.15,1474.74,0
244.14,24.5,238.01,1990.15,0
216.86,48.54,312.93,1720.5,0
315.49,14.95,253.4,1573.2,0
192.68,39.94,301.05,2354.98,0
327.49,43.72,264.29,1365.52,0
347.8,11.9,267.79,2332.83,0
333.62,26.91,226.11,2308.21,0
180.49,12.27,292.01,2376.38,0
309.96,48.93,409.87,1272.63,1
166.9,13.07,376.77,2238.66,0
152.33,18.33,391.08,1406.2,0
249.73,17.34,248.75,1910.41,0
214.29,27.42,449.32,1383.62,1
270.22,35.82,340.12,2474.47,0
310.28,44.99,214.29,1119.88,0
